customer_id,age,base_salary,is_at_risk
bdd640fb-0667-4ad1-9c80-317fa3b1799d,37,4152.56,False
23b8c1e9-3924-46de-beb1-3b9046685257,26,5742.91,False
bd9c66b3-ad3c-4d6d-9a3d-1fa7bc8960a9,34,5819.05,False
972a8469-1641-4f82-8b9d-2434e465e150,41,3681.71,False
17fc695a-07a0-4a6e-8822-e8f36c031199,61,7511.06,True
9a1de644-815e-46d1-bb8f-aa1837f8a88b,27,11488.29,False
b74d0fb1-32e7-4629-8fad-c1a606cb0fb3,30,6163.7,False
6b65a6a4-8b81-48f6-b38a-088ca65ed389,26,4225.61,False
47378190-96da-4dac-b2ff-5d2a386ecbe0,55,4917.8,False
c241330b-01a9-471f-9e8a-774bcf36d58b,32,6134.0,True
6c307511-b2b9-437a-a8df-6ec4ce4a2bbd,51,7700.05,False
371ecd7b-27cd-4130-8722-9389571aa876,59,9637.19,False
1a2a73ed-562b-4f79-8374-59eef50bea63,59,10550.5,False
5be6128e-18c2-4797-a142-ea7d17be3111,29,4737.38,True
43b7a3a6-9a8d-4a03-980d-7b71d8f56413,29,9865.84,False
759cde66-bacf-43d0-8b1f-9163ce9ff57f,33,3665.79,False
ec1b8ca1-f91e-4d4c-9ff4-9b7889463e85,51,9045.9,False
4b0dbb41-8d52-48f1-942c-3fe860e7a113,43,9588.99,False
e2acf72f-9e57-4f7a-a0ee-89aed453dd32,50,5848.95,False
3139d32c-93cd-49bf-9c94-1cf0dc98d2c1,33,11543.07,True
a9488d99-0bbb-4599-91ce-5dd2b45ed1f0,40,10092.91,False
fc377a4c-4a15-444d-85e7-ce8a3a578a8e,61,10323.72,False
ddd1dfb2-3b98-4ef8-9af6-1a26146d3f31,24,9722.27,False
7412b293-4729-4739-a14f-f3d719db3ad0,49,9713.37,True
29a3b2e9-5d65-4441-9588-42dea2bc372f,55,11458.07,False
ab9099a4-35a2-40ae-9af3-05535ec42e08,56,6242.49,True
aefcfad8-efc8-4849-b3aa-7efe4458a885,40,11184.9,False
a28defe3-9bf0-4273-9247-6f57a5e5a5ab,61,8911.99,False
3eabedcb-baa8-4dd4-88bd-64072bcfbe01,65,10499.38,False
451b4cf3-6123-4df7-b656-af7229d4beef,53,6271.63,True
b02b61c4-a3d7-4628-ace6-6fa2fd5166e6,29,5156.02,True
5304317f-af42-412f-b838-b3268e944239,23,8003.53,False
0e51f30d-c6a7-4e39-84b0-32ccd7c524a5,62,8324.3,False
ce177b4e-0837-48a3-9261-a7ab3aa2e4f9,44,4777.09,False
10f1bc81-448a-4a9e-a6b2-bc5b50c187fc,55,11677.13,False
9132b63e-f162-47e4-a9c3-49e03602f8ac,22,6050.93,False
366eb16f-508e-4ad7-b7c9-3acfe059a0ee,65,7290.89,False
e27a984d-6548-41d0-bfcd-9eb1a7cad415,30,10642.85,True
24933b83-7577-40a9-a491-f0b2ea1fca65,48,6410.36,False
beb79919-3f22-4af8-a3be-d01d43cf2fde,61,4974.74,False
bf3c4c06-4343-48bc-89fa-6a688fb5d27b,31,6648.04,False
956269f0-e5d7-4875-adad-d6c795a76d79,36,4605.74,False
ff50bde4-3825-47b8-9cab-cc97663f1c97,44,11503.93,False
7e570ddf-8270-40a8-a369-b584ff5e9ff0,46,9001.87,False
dc713d96-0c0f-4195-817a-f08a1745d6d8,44,7247.18,False
28f49481-a0a0-4dc4-a720-9bdf1c11f735,32,7864.66,False
98ae4334-6c12-4ce8-ae34-0454cac5b68c,65,3282.13,False
988c24c9-61b1-4d22-a280-1c4510435a10,36,6490.87,False
405cacec-8774-49a9-b7d2-1e02ff01cf99,29,11178.04,False
f143262f-dc5c-4eed-8da0-365bf89897b9,25,4149.19,False
1d53434b-b881-49b9-ae27-0da702f06b90,43,10146.13,False
c0398710-8976-4334-a281-7efdae849217,61,5131.92,False
5715bd6f-a416-4293-84c2-e2e3444ea7c8,57,3683.65,False
287d06ca-6f4c-469a-8b22-d3081c8eaee9,61,5774.12,False
b8db0672-f42d-47cc-80d4-af5974273ca3,42,11756.94,False
f8cda88b-436d-46e2-b83c-fe0be037e5ed,52,10043.5,False
81f76d1c-2dbc-4134-830f-f46e8026695f,28,7408.74,True
a013ac6e-deda-4e16-9b3d-bd5ce9a1fa6f,60,3916.46,False
81f631d4-a392-41a7-9777-a4774c66e0a8,59,4118.71,True
5fb8d16c-2720-497d-b2eb-d6899be578c7,31,10590.41,True
f4188f3f-8a14-4e62-a95b-4715c333e861,33,3389.18,False
eb2263dd-87c5-421e-ac24-a3c5c754108f,25,7144.94,False
7d154385-52fb-443b-9954-6eb400257ad1,31,10641.89,False
5cec4eb5-edd9-4831-9ca3-5cfb04fc6d82,46,8343.86,False
ce88cb2d-d4e8-4839-bc3e-058be0f3eab0,61,9459.81,False
3da9c2a9-0ed4-4f1a-bd4c-bf374eb93eff,40,3508.01,False
14296c07-f26b-4776-913e-4de2e0c53cb8,38,9583.73,False
d0e6e660-7c69-4ee1-bb5e-4bcf15ed6269,22,11015.21,True
885f6e66-c2b6-42c5-ba5d-310011b7e948,51,5270.06,False
a8e56e0c-20de-435d-a031-d750c40db9b4,61,6106.18,False
2a45c2ab-8cbf-4db0-b264-accc79ac1b1e,64,8555.49,False
9b49bd26-df57-459a-8715-a10343dac043,50,9150.69,True
edcd465e-3638-4821-b6e0-7cc06c52c49f,51,10661.33,False
b09b2a5c-badc-432a-8159-0f538a0f4efb,47,4614.15,False
66245bfa-4fcc-439a-b683-d2e6337ea2df,58,9564.68,False
5f987c71-a65e-488e-abf3-ad39fec21bbe,44,10344.19,False
7394988f-847f-49b4-a64d-1bcb702753a1,43,9214.95,False
1064005c-3985-43cf-bf76-be1d1efa2197,45,5673.6,False
8dcdcd03-969b-4662-8562-8059568cc69b,35,5256.1,True
01d74256-3860-4ab6-96a4-02f23ae8cc93,46,7893.3,True
0f1259e0-a18f-46b6-b535-106e122c9a56,39,7369.93,False
080aadfb-e7c9-4b26-9141-25c63a9bedd4,36,9221.73,False
839fbc50-1223-4513-9496-f63cdc1110c1,65,3984.46,False
7c441fe7-ab42-40a7-874a-493b3ceddf2d,31,9511.0,False
b92da22b-21df-406f-8a0b-3c3336d8393a,47,9400.94,False
93829b43-922f-415a-a1e3-db63ef7ddc76,28,10181.62,True
7914c120-c8dc-419f-be35-11287900f7f9,42,4573.25,False
1825bc54-30be-445f-a835-14f2ceb81f9d,50,10951.74,False
5ab33edf-6e59-4ed3-a8b3-17fa18d0752b,59,9011.05,False
dd2467ac-778e-4db3-a93d-ffbc6c6fa611,36,6923.19,True
a748dbcf-ac61-4e63-8dde-29a6baa4b71a,50,11514.05,True
0f844fef-1931-49ee-a56c-0941fbf24050,39,11261.76,False
ccf3a171-56dc-4907-ba6c-34ab6712303a,37,10830.82,False
310c0c00-3fa7-4104-9bf9-0e27dc96925e,29,8336.29,False
23e2fcb4-72d8-467d-894a-05e430b187ef,36,3349.43,False
766ecb15-474e-4c19-aef9-12766c006f61,44,8473.0,False
134c6c92-ec5b-427c-9fde-4fbf3ff350bf,42,4388.98,True
db20a56e-dc81-4fe7-8eda-8bbb71710434,48,9094.89,False
a6f2f7b8-0cf3-4b58-9910-8be58ce21ea3,41,11554.65,True
03c72ba8-d605-4770-8a63-f881ffd0f9d5,44,10338.97,False
c0e9ab30-ed26-42e9-97e0-11b7f8102383,33,4963.83,False
680ac07a-2a93-4d62-bc83-5dc0d9441fa5,31,4952.92,False
dd59ba71-36b8-4481-bb3a-4e3e7c52fa17,55,11480.01,False
2a25a888-0f02-4ad0-a706-7ef466aa9385,28,6393.27,False
63f2ae24-fc3d-4348-808d-4127610461e3,42,5596.97,False
c8fe3ccd-c8b8-49c6-ad30-49cf43e458fc,32,10416.63,True
b253d218-6c4a-47ea-8906-17f2747b6dba,31,5354.36,True
c88a618e-fed4-457d-bb02-6576f512c4c3,23,5580.37,False
7c967f79-b7e9-4aca-a970-65e18e46d534,65,11730.6,False
37bb3eec-4bf5-4b52-b09d-258c27a0c3d7,56,10459.91,False
bc594585-9445-48c0-8ef8-c2d6f7fd5646,23,4463.27,False
504867ba-bf7b-439b-8f9a-ea4b8acd4e10,61,7191.67,False
7a0ecfea-958c-49ba-8cd6-20c20ea2622b,49,10072.84,False
87f7e1fb-da4b-49ca-ab5c-f46780bacd64,64,7188.31,False
82010c62-f5f5-4b22-8e8f-a8e0284d82e5,46,8697.11,False
118a9d29-2f92-4996-99f1-95d014822f53,61,3277.12,False
dca02eec-acda-4acc-9165-e21098543881,61,11149.87,False
f10c718b-1eb0-438a-a75d-d5af3c365296,22,5844.49,False
94340a03-3f07-4814-91d6-3f78e3e9de99,41,7751.81,False
14fcdd54-9e8f-4965-8a2c-827e98326856,32,3730.02,False
90b2b633-956b-4c0c-a849-9b926b5252e3,57,6563.49,True
42c18a62-ef48-48d5-90fd-9d3f85d51695,28,8363.69,False
506e5a9a-b758-488d-ab73-295b344a54b8,23,6675.79,False
21813d25-6552-48a6-83ff-50113d1a85dd,44,7394.75,False
750cab75-4ccc-4bc2-a53f-8a28abf3e3fc,35,11291.46,True
ef8c485b-c07a-40f2-add4-253b50f0fd0a,52,3091.59,False
9f044aed-7552-4327-8262-7f7312922f83,39,9722.38,False
19985f15-ff00-4d4d-9020-59e4ff9ab5c2,49,4979.17,False
8181a8cc-3691-47eb-89a2-688b12c136e0,56,7065.44,False
5958a499-eeea-463e-a1e8-ac6843e42caf,35,10294.02,False
3e896c64-e117-4ac3-919c-4ea3e1805081,59,10712.2,True
702cdd20-2862-48b8-88f4-ef125e9953d2,50,11234.1,False
4d71c366-b41b-4143-8b10-550cd5704f32,44,7003.12,True
ce9e1a11-fcbb-4e59-bbdd-cf7c9c96e9ec,44,10534.89,True
aaf91531-0200-41f0-8768-a84fa76afde6,57,3788.86,False
ee87905e-4ca4-45ea-8dfa-6a56d12dbc9a,28,8959.62,False
e0ccedc5-f05d-476e-9a84-a51aa9d3d7c7,57,7486.77,False
e3c43657-1d8c-4bac-83b4-09ef2260e70f,37,7878.87,False
27cb6f2a-8da0-4097-be0f-051b1b66b5a9,52,7662.29,False
35ebd32d-9ad6-40ab-8821-2ddb45b89cd9,22,11645.69,False
afffcfd2-341e-440b-97c7-00aab7b56ea7,53,3504.15,False
81627cf1-4394-42e6-9a58-7e8aa25d6b29,61,8706.06,False
e87d1c78-e7c4-41c7-8049-7b717d106c60,40,9583.93,False
a2607723-17a0-4f49-8d01-280fd89a40c0,30,10018.26,False
0b49452d-46d4-43f3-9450-281c6c6f7633,43,11035.52,False
217d65a0-c568-41cd-9563-f61600e85ece,53,9617.55,False
295d6fbf-430f-401d-bad4-09e2a319dcb4,52,7889.29,False
b4a69f3c-8d3a-4d99-b11c-21c9bdc14f1f,63,5480.67,False
1ca3c448-0279-46a6-8f97-97b06d7ce3c9,30,10070.84,False
b0e6a969-e213-42b0-b1ee-dba313432e61,55,8936.47,False
093923de-8bab-4e3b-a628-6bfbe767dcea,24,8543.23,True
8d7248e2-951f-48d0-9e84-f058d5a804eb,45,3272.39,False
0ab54bde-20a0-4502-ae06-809725e97977,36,8166.68,False
eededb07-e623-4689-9d59-cd2a4eea04e7,64,5409.88,False
0a368ce7-dc57-4131-b8e1-daa7cbceabde,23,7245.98,False
ae9bec36-35c7-436c-9b99-62c6e61fecc0,31,8019.81,False
5a8aaeca-1a50-4ec3-aabc-25fa3fe12e47,61,5398.93,True
dfed2c43-e256-46dc-8f54-86b7c7b5b2bc,24,11390.62,False
bfddc3d9-9ee3-4c2a-b94d-62046808593f,39,7220.83,True
3c9ad14c-ee0c-4eb5-acfe-db992790cebd,27,7656.15,False
ccc56569-f9e8-4369-a999-b735dd56cc94,60,5642.3,False
698c206f-e1a4-4e10-ad53-4dd0cf8ebc5a,63,11792.63,False
ecab3301-bc8f-4d29-adea-94930658663a,61,4191.09,False
696608aa-ee49-4329-884a-7b28550a1b46,34,8895.64,True
bc2cbb0d-dd33-4cc7-ab7f-089acd5f4822,58,9597.0,True
28c13091-444d-410b-bf87-e362cf8d446a,58,6611.41,True
61ee411a-1bac-47a7-b386-f7a4c991603f,57,3891.76,False
787f2425-dbcc-4477-89e9-db0adf465290,58,9245.67,False
eb1fa9f2-d10b-41d0-b317-347038f16a81,63,5239.08,False
d20eac17-4e20-4d1a-9983-36e375d66ed4,57,11575.73,False
39118497-3a43-42ba-9f0f-06cbcb9bc326,23,5337.31,False
6601ddd0-3170-4437-a8f7-ef5a060edf5b,51,8850.26,False
11c58ef0-dd46-4c09-8752-87aa5408f9ac,39,10414.35,False
59e4b671-4774-4c58-85f8-bc16f7860b50,62,6213.31,True
adf4e62d-6651-429e-8268-690ba43825b5,47,11651.96,False
54c63cd8-8945-4f27-97fa-2d8dfb2ca025,60,10455.49,False
e08596db-1d87-4966-8710-d430f071d879,25,8535.9,False
94a1875d-2db6-4edb-82de-ffccf86c2ca2,40,5301.14,False
09cb3942-43f5-4a85-bbc9-f87af668a617,25,5582.03,True
587ef344-6f3f-420c-98b8-e4cc1bc044fc,29,11996.61,False
6fb78271-504d-481f-8953-5b63ba81edd9,63,6316.86,False
1d9af659-82ec-4f2d-bbf6-e16f9b3080d5,63,6514.5,False
30a900ad-939b-462d-a645-f129629c2ae3,47,7875.49,True
6fa17735-b572-43d0-8b5c-ea6a41357e8c,47,4562.12,False
ce777f00-ecf2-4e76-8519-7ff4006ed6e3,58,11512.38,False
f0b5156b-b82c-4074-afd5-dea589d7fd6c,32,9752.92,False
3270e4fa-abae-4f43-bcae-8081bdf070aa,50,11382.58,False
f2e9702d-11e9-4daa-ae69-81a35d3d9e56,58,7900.75,True
9f871ce7-5487-4d4f-abb7-a385aa0b7b14,37,11098.08,False
1fe771d6-d917-4793-a9d3-c2e6505cc686,29,7757.37,False
81d2c7de-4ce1-4b90-a669-7833b841d0a0,64,8718.04,True
5380b904-688c-4015-aab9-7e494f2d4796,52,11487.23,False
8dedf9fb-4bb0-4f20-b27c-40266703b636,49,9911.14,False
aa38d0a1-6ba2-4efe-b11c-6eb62095eef6,52,3722.89,False
bf85bf0e-ad64-456c-a10f-aa3ff0bbac67,38,7946.02,False
91b0e1d9-9d92-42af-ac8d-0e44e71e43a6,26,5621.07,False
d56f0350-8c45-4ce2-a7f4-8ad54d0b0d1a,34,6553.96,False
35ce8841-4973-4d6c-8dca-bfb7001a9a8b,24,5100.03,False
9b4e2c24-9479-41e6-8927-7d9b6e0d2648,37,6619.46,True
7118e364-7709-4749-927e-ecfaa79ac9aa,65,7376.22,True
82dc4c8e-36b5-429a-acf5-e81e71316269,59,3786.87,False
f5b78cc7-e6b3-4944-8b32-3e357922bac2,25,9452.88,False
a8aa7158-2b70-4525-bc67-f831cbc84759,34,10404.49,False
a9f25336-83f4-49a9-88a6-39d015b52908,55,9990.59,False
17e8392a-55ce-45db-9e87-e04ca2086977,48,8379.76,False
3c20592f-c04a-46c4-b3b6-3fe1d1843324,30,11540.62,False
ce7ae7f6-3982-4cff-8f77-a665ac3c5640,60,3056.74,False
0bd4a990-0640-4e0f-a5b8-fd4b32fa2de8,34,4686.55,False
9c7c7377-79a2-4903-bbe3-3b243eae0032,58,4062.06,True
74962764-12a4-4ef0-84bb-b7a9d98868dd,28,9672.22,False
935f2b0a-a138-4ddc-a2d9-de5d6a18ce4c,58,8819.3,False
624c69b6-b244-45a7-b7e5-848131c681ec,62,9100.38,False
25c73c44-3e75-43b4-a64f-a6637e8f8095,41,6684.11,False
e4855aa1-016b-4287-b008-05cca7f36ae9,33,10265.76,False
e2add909-c521-4f2d-9c45-d539c03f3538,48,3799.08,False
3805f907-6cd6-4193-8746-8f591b494e15,44,4547.8,False
b227462c-f53d-4330-8dda-24ba2d06e8cf,55,9965.08,False
8eb22579-0cdb-4ca4-b6ec-bdd68498e113,54,10887.83,False
1f115b76-d92c-4227-aadf-50853fcb7546,26,4497.57,False
76f2dbfe-cd29-436f-a222-82e174daaebf,58,7098.32,False
8f15ba58-fce6-4504-87f8-424daae65fc1,60,6620.57,False
c1581092-f335-4ba3-913a-7052986f9025,50,4736.69,False
d0a44432-9cd6-4852-b14c-7df4e4347d51,26,11628.18,False
6d3ee1dc-8139-4443-a45b-712eb8225688,59,8299.79,False
722764e6-8c41-461b-a827-a1b9d4a02e53,47,7618.47,False
dc8aee30-be60-43f7-a8be-9288e5af6e39,31,6446.44,False
c074718e-425a-409f-b337-c59979844388,57,7995.96,False
46fde062-a33d-47af-9701-410d3f4b1a70,48,3678.53,False
7c0e8cd8-8573-4793-8715-b2b9c40c5d91,25,3017.17,False
709b7d97-464c-44af-bd3f-3799a07295e9,62,9569.4,False
3c07c574-4925-4af1-b6aa-e05b13d5f2f7,59,7626.62,False
e49d681d-51d8-4c64-95fa-1ab8458f1f19,47,5560.6,False
269cd696-236c-4b87-94a0-bccb8a476a87,50,11640.02,False
271e3ee2-b1a6-41f1-a20e-99d33b33f3d8,44,9256.68,False
6a34c854-1071-4d51-b6c5-9dacb4d7e28e,44,7010.46,True
7746d0ba-8ae8-405b-94b4-a48268586eba,29,4250.21,False
d5385b0e-34f3-493c-8ff0-a55c6a702e2f,32,11177.2,True
c51155ff-e7a3-4e81-a3b4-c08b6b8e869f,23,8201.13,False
05000bc6-b20d-4b6e-b231-1f1795863a76,23,5985.59,False
9360715f-c3fe-4183-a172-b725db52ca58,63,8965.12,True
f1578470-0182-47c4-ba1b-58066160a6b4,41,3784.08,False
63d62a39-c0e3-4efd-8c71-e0fe5a0cdd7c,27,8792.98,False
d5f25073-f414-42b1-a442-9ebbda7b9095,40,5537.21,False
bc10fa52-bf5d-4fdf-89c8-d2ab6b44fa8d,60,7629.79,False
e5d6f6e6-9a6e-42f5-8cc4-29038bcf53a1,59,9156.86,False
45df16b6-382c-443f-bcfc-9b793875394c,28,9472.79,False
638c254c-076e-4bba-bc53-08bf6f92f25e,65,5078.29,False
cc530e36-addc-4e13-ab3b-4d37560c95ee,56,10648.5,False
d72b6108-2a40-4f12-b963-f37f67814c1f,55,6678.53,True
fb10987f-20ac-4703-ab67-146a77a6e17c,50,10172.47,True
e82c7d7b-06e7-45f9-88bc-539c9f4c3b79,35,5321.92,False
a9ba5a27-907b-4e36-9786-48f864de82e6,54,5671.27,False
6db99102-a48b-4dbe-957d-94a106f028ff,53,8945.28,True
2e85cb21-7631-4e9d-9de9-f86322bd3388,23,9374.31,True
53cd6268-610c-4373-8299-9aa40cdf742b,27,5408.5,False
56666f9f-53ac-4ab9-b467-2cd9362f5e5c,46,3283.43,False
473bd358-610e-4a64-a130-1617c2dff335,30,10412.98,False
6bebac31-d4f8-4d72-b382-1cfdc083b73a,35,4942.4,True
78660765-14f7-4e8d-95bc-b8d04094dded,42,3428.67,False
0d557b61-8a17-4dfe-bfc0-0dc804f64d86,38,4826.65,False
39669fa7-5997-4043-b3b1-025bfff9f585,34,8090.16,False
f510ab53-c7fe-439f-9190-f938a66fd7f7,40,11208.34,False
07f194f9-c115-4d6d-8a4e-5b70a6d964a3,30,4786.28,False
d6d7b3b8-3309-4d35-bf4d-f561f319c125,43,3388.35,False
3d114802-2702-478b-9f0f-da8d05379ff6,59,6024.52,False
1d48a071-ab61-47b1-b93b-4c3220500494,53,4710.37,False
770c7798-37cc-463b-b2a0-345990604f62,55,3712.26,False
5e6fea07-c453-4f1d-8199-2fdfb31022f0,47,8891.35,False
f6b751f7-9b74-4245-9b1b-c8952af43ab7,54,9350.26,False
c71d5e60-1d52-46ab-b7e6-427cbf780e3f,58,8022.57,False
4fa03f26-f6f7-40cc-a9ec-8e49d1bdb8c0,38,4378.08,False
edcb8cb6-0692-4c63-9424-aed51bac5c15,35,10261.91,False
e87466d7-ad66-41bd-9367-6a024fdc6e1b,55,9831.78,False
f1043785-658b-4523-a014-1de9f54ad0a2,38,4327.58,False
9793b9b4-1374-4146-b2c5-bd89b70b3420,50,7956.75,False
3e2b6091-a092-452a-94a0-57a7b0cc1b3b,63,10640.82,False
4d3485c5-c5c1-4eb4-b27b-3d901a16342c,57,10779.6,False
ce3714af-99b4-4350-af2b-99b4d9acd158,50,3682.87,False
90e0f4a0-fbdd-4933-8bd5-8bf61efd76e9,32,10765.1,False
8861fe18-58e2-4888-8a83-81bec85aca46,64,10189.78,False
11a72609-5edd-4bbf-a959-76636daa2e68,62,3174.45,False
033d2bce-575a-4d2c-a5c5-650c8186a576,57,10636.9,False
7d7ddbed-d284-476c-ab88-f83dd97dc9cd,48,8034.07,True
5cb85aed-f5f6-4c97-aefb-63b11b049863,59,8943.91,False
75b17a55-d426-4982-a43e-4288a2b5b498,63,6991.01,False
2d174fc9-6f7c-45ea-a72a-6d8eb5122df8,63,4975.82,False
a6846099-f729-4951-8591-31d2bbda0242,40,3732.29,True
eb6c1016-cee6-44d0-9dac-6e8345241ea6,46,7160.82,False
7701f7bb-7bc6-4e1f-864e-e6e389c5b31a,56,4697.67,False
97ac6aa8-bb24-48a3-9363-57b66f81cf4f,58,9000.14,False
3ed8c56c-da09-4fa0-9282-8d8044b591f7,59,7301.89,False
4767d76c-162f-4a24-af43-613cd4aac9a3,41,8659.7,False
c01f36bf-3e6d-458b-b367-c28de1b294de,38,10027.4,False
ab0e664e-9c3e-42d5-91e1-aa9676f72255,64,10862.86,False
7e8adee7-0758-4201-961e-16d16105716b,51,11631.26,False
7cd0129d-2e8d-4e87-9334-20e6d9d80b8d,52,9829.12,False
4223623b-cc3e-4dde-9ad5-cf06364d7c87,38,5014.96,False
989d9d4a-e15c-4666-8797-b2c957207246,38,6421.99,False
8e485223-46b9-4991-a14e-b70db380c73a,43,6144.42,False
30e912f2-f2b4-4abf-8441-aefd0299436a,52,7159.18,True
680bac63-b856-4035-bdc9-829015eabb27,56,7567.34,False
3d85de89-c217-4429-8e20-07247d137018,32,6783.87,True
b63b4dc3-a559-4463-b9e1-3ceab0cbc61f,50,6345.19,False
046a0df5-cafd-4613-b2bb-912d7da67785,23,8440.3,False
6786d506-38ba-4abc-8b53-05e517d2582e,33,3909.3,False
a9f948b2-4e63-44bb-be49-3f43b118f68d,26,7747.05,False
8db06746-7927-4973-9e78-1fd794e0d3ba,65,7020.42,False
ff233d5f-6ced-415d-9800-7c0287ea7ff5,37,6457.66,False
5a104129-54ae-4d1b-8ce6-424dbef59fe6,39,5148.28,False
4e7ed827-455a-4762-b428-a656b3ee4d3b,47,10872.44,False
b8a6171f-1ee3-4dc4-bb04-8a8b405bfdc9,52,6216.98,False
be2d740a-1e9b-43bc-90c7-c006314d3441,26,8754.21,False
b0ae8f08-c31e-4bbc-b36c-b62b892e6161,63,8380.25,False
bd1531c8-3764-4bda-b108-d4482f65fafa,29,3115.09,False
96ef2ad6-b97e-4703-86c8-adfe7bf47042,40,5905.26,False
98c7472a-864e-4a13-829c-fc0cfa02eaec,24,7159.02,True
d52721e7-19bc-443e-bb02-bebb48729a4d,28,6067.15,False
5c62b3a2-3a3c-463e-8bd6-cee631b1b099,53,5009.23,False
b540b30e-039f-4a25-8d61-68bd2defe193,59,10091.45,False
0ba6eab9-4639-447b-a067-bdac88bd13d1,26,7207.92,True
4ac9778d-8da8-4ee4-8df5-6ac6f96b648a,22,5504.2,False
a34b6cf6-2053-4a42-b1af-db65b289f224,46,9298.0,False
1a432f0a-7daa-49f0-80b6-fce2de53790a,60,3749.79,True
48ca7651-92f5-4f7b-8323-d342df6a8f93,40,5411.29,False
5738811d-70c2-403f-ba8d-03aa782a65e0,46,11760.33,False
40a26c60-0d27-4659-b72a-da9b2f32751e,46,3351.92,False
1d34d08e-7a4c-45d4-9c99-e04cf0e98b3b,41,8712.46,False
7de31a51-6694-4343-90ba-58e3d2762bdc,32,7818.46,True
afbb411a-a123-4a8c-93b7-a88612f70c97,57,7659.36,False
cfa701cd-2631-400b-a6d7-94d30db95301,38,5669.05,False
15ce6a66-4dc8-4a1e-b2f9-e5fa90164161,26,4990.79,True
8edddfcd-1e52-4770-bf89-7142fe716b14,47,10108.84,False
989bc4da-9b37-422b-aa8a-616fc3b290d0,51,4180.56,False
c693da11-39c6-41ca-9e50-aa42ca6dfda1,56,11224.94,False
e893be3d-7354-4a6f-a160-745985c7504b,42,11660.33,False
96a9954f-dc33-41f9-8c1f-55ab715629ee,56,4702.1,False
9191b363-4e2d-4645-adc7-cac7fd72b050,49,8870.97,False
f5c9b047-9c10-4572-8f6b-40d09efba58b,61,4976.63,False
c342bd2b-f295-456e-9967-5f06bd767e35,59,5183.88,False
43bfd931-3605-4f54-a021-c0ca3531968d,31,4301.56,True
3d67cde9-2834-44c0-94c8-b3b4a911d192,55,4257.07,True
2812859a-1337-439e-8d4f-5d272c7f0b79,49,3184.44,False
b07aa066-7354-45ea-a894-9b8d00af5b3a,38,6457.36,False
085b15fb-4a8f-4810-b84c-2f29980402a2,23,4059.83,False
48603b32-b4fb-4eb9-89c1-3de73b4206c5,23,5161.05,False
1238d630-743b-45a2-9c0f-2fcfb3f6fe0d,33,5410.24,False
43b9da13-ec85-4f37-bbc1-a987aff8754d,42,9097.33,False
96fc734d-a003-4d28-8a8f-3653c9af18f8,41,10090.61,True
32a447b2-ef04-457d-8dcc-c33aa9434aa0,30,6518.99,False
398d1ca6-8b68-40b5-9d61-fac36cd5e859,39,8973.15,False
44007d5a-e88d-4719-a624-2b40a5cb63a2,34,4557.89,False
0f44704f-1247-4a4e-a469-98e8d39e198b,29,11695.63,False
9854ce4e-4ebf-45c3-8ae9-b4a72a79ea68,62,7683.64,False
ebd34616-91b7-4d8e-9301-6989bfbbb17f,38,10719.21,False
77fc9703-1fd5-4423-b06c-5c5649e2623d,40,11050.58,False
670acc5c-b321-4f21-8dd8-eb85b04d3376,51,7966.84,False
8a3c3b5e-801e-41da-85b1-ed25f1533ae8,64,11580.4,False
9918ee46-1497-4658-b010-f7197e695d0d,53,9983.66,False
bc0a6a5d-6e99-4e3e-a3b1-37fc0a3450fc,54,8049.43,True
069f14f1-4018-4c6e-9a8c-fa3c5283aac7,29,6479.35,False
ac9ed156-f63f-4e41-ba9a-ca5e176132ed,49,4085.71,False
964db03f-9340-4fad-9c4a-d56bd6016237,22,7720.41,True
c3c75611-ffe3-4a49-854f-92fff366bad4,48,3343.44,False
9384ec2b-44fe-4cae-9248-a9a7ac1aa554,65,8944.49,False
2cd94cbb-c19a-458c-835b-1c8c0a4c9f7f,56,8870.23,False
7135f221-a6c9-437f-84da-d06a7872bdeb,57,10192.44,False
ff37d19c-2e76-428b-8735-44f9ea83bf00,45,5904.68,False
d0725b5c-a281-4044-af96-288295d82980,22,11221.61,False
785299f4-175b-498d-b814-01027de1bdfe,51,7802.2,True
5230dfbd-5553-42fe-a889-803e5913f9d3,41,8987.36,False
292bd156-db94-4570-9ac7-0ec0ab8ddeb4,27,6258.22,False
7ed70ed7-b194-490b-a961-929e546e035a,54,9697.28,False
668409e3-f1f8-443e-a99f-131849c8a43f,57,11983.15,False
0964fbbf-8cd3-41b0-82b0-1cfdd045dd1c,38,4502.9,False
409d3602-5084-4242-968b-1625746f7891,46,9675.48,False
c5c5b37a-f85e-46a1-9dad-09b252c21221,51,5235.2,False
d32e6dcd-83bc-4478-9d6a-c7b86778043b,60,9520.13,True
de8ede0b-a85c-4e4a-804b-6fabfcf56188,23,6736.06,True
0de051a6-69ca-47d2-b644-14fd8ae769ed,64,5126.63,False
9f64eeed-5c9d-427d-84b8-71bb300568d2,27,3312.16,False
71299889-a01a-4992-bf9d-3e64c1a6423b,28,7493.43,False
445dcc38-341c-4494-8d36-6dfcc28ebd70,24,8383.4,False
49bc473f-ed7b-4656-a18a-15368c99a894,62,11053.47,False
7c16128d-b2c0-4394-a17f-29e170286046,58,10239.05,True
a14923c2-f920-464c-8763-fcd01f15c7b6,26,7453.05,False
b5b453ca-3d42-493c-8c9f-d3349bdf0377,39,8127.39,False
03802b70-8d03-491e-8f8d-5238288b78b5,32,6377.14,True
3985fb62-17dc-4eff-a872-13f98d605936,58,7426.26,True
1d0bc9bd-e9b5-45cf-9766-5cdafe049059,47,10221.95,False
a5d04d53-1e12-42e3-b272-92b6762172ed,43,4321.83,False
eec259dc-7f95-497c-a76a-a6ced50755d9,60,11080.24,False
b495db4e-8245-4fb4-8ab7-706eb77350ca,23,4509.99,False
7b85179a-d5b0-47e0-aa5d-932b45ff2c83,24,3165.09,False
74eff545-3e65-4603-b8e3-654bfaf14ff0,54,4151.32,True
30cbd755-6232-417a-a507-41818d1fb540,23,9984.85,True
bf0d073d-821c-4336-9970-cf60ebff8d15,60,5884.09,False
11df12d7-dd30-4e89-a2f2-35f2e11b868d,47,9717.16,False
dabac50d-ca3d-4859-85ce-099c46b82659,39,7541.57,False
c9a7d91f-ef2a-4713-9702-10496a39aaa6,53,10534.09,True
00a81de9-d20f-47d0-8465-6d6b81fb18b3,59,4151.08,False
d664d264-4c6e-47ff-b9de-7a3a486822b9,22,3832.86,False
a8f1e091-ffb8-402d-9475-dbc996418ced,63,9389.59,False
7250ee18-260a-4962-9d81-b7f57d5911c6,63,5471.84,False
551ac8ea-585a-4afa-bbfd-cc1289e06ab3,42,6542.74,False
6090d697-8b1e-4b9d-834b-9fbb8d4a75b8,61,10021.93,False
de9e3757-5260-401e-aecf-67d2749176f4,48,7849.66,True
3d225c30-b28f-41de-bb14-0bc3304b8590,63,3912.68,False
db23aa8c-3bca-4f85-a20a-60ac9261549d,25,9599.94,True
517400f8-0b2c-482a-a928-8e92c68a152f,34,11972.92,False
e9d68f23-b489-4070-b914-f8a8bea4ff31,44,3139.12,False
fd08b32c-62d6-4e93-a198-5d54cfb87e6f,23,11997.12,True
a6eab79e-d21c-42f8-8ada-4f80a9e782d4,44,5501.65,False
f6febc0e-7ecd-4baf-a6f0-5fcffb16e5db,29,4536.77,False
f72169bb-8096-4718-a051-acef097a1e10,48,3265.67,True
19b17e80-dea4-4e17-94fd-9ad39716108e,62,8737.31,False
1986b4b2-70b7-4868-9854-80f0dfcaf0b7,24,7776.02,True
03edd1f8-74f9-4d17-a912-b4bf86a4bae4,47,4232.87,False
def57689-68f4-4bce-a4e7-5e8eb8f21423,43,9085.92,True
1327f1bc-2784-478f-b84f-16b3a79fbfaf,48,7298.47,True
43d88870-f81d-4aa1-8812-0a8e78308930,47,11311.68,False
65c17795-b155-46bc-9f8d-ed9756abf2f1,23,5988.56,False
541cdfcd-da0d-4a5f-948f-8b74a65bb1f2,22,6891.21,False
889b78d5-dbfd-497e-aca2-b148da330aa1,22,10378.63,False
a075e927-5110-4492-b442-7e0b61484bb3,42,7772.07,False
7cea2045-c268-483e-a32f-2e63b7fddd71,61,3482.49,False
9e11d2cd-0930-4ef6-8a80-068ddf547e50,38,11782.82,False
af34cf65-a193-44b2-bc19-e71d118405ad,27,7714.33,False
3a3c8a71-ff57-4e2b-8991-ab9bebc2026f,35,7059.37,False
fa745761-6f18-4108-9723-199dbf2c14a0,27,9640.7,False
b4323070-a23d-4c2f-82a7-96891933918c,40,3435.06,False
2a96e1e2-7194-4ae2-99ba-d7aedf615a5c,39,11694.99,True
0769165f-e746-4cb9-8ca9-cf07b1aa0f6a,38,6616.62,False
0e5dd462-cbd0-4ef2-930a-37df0bc61066,57,4093.48,False
6e417d47-5ff5-45ea-9bc4-40f14b1a269b,37,11531.74,False
697c3923-87fa-441a-be83-b91f25440fe0,23,10587.93,False
2e183554-cae2-4e66-ae8a-781390e0a95b,45,6043.33,True
9c07a751-1437-4509-acd1-586a2b840c67,62,10786.84,False
aee1e86b-9ea5-46aa-a1ee-6c5bdeef580f,65,5715.94,False
9549c931-e9af-499d-bf67-1eec3da70577,42,5231.22,False
a34db7c5-760d-4bbb-bb70-b3a124a35cf2,49,11330.42,False
aab612c9-415d-474a-b5a6-69814104a8b5,56,3441.38,True
771ad655-cdfc-4ee0-a61e-de900267deb3,41,7641.47,False
8beddb12-ad77-482f-89a2-3a89e6b5a92c,27,5380.64,False
f1faf665-7115-43f3-92e8-9d1028711733,37,4467.7,False
4c955f6a-966b-4964-bcd6-bdca5876fd09,39,10595.99,False
b0b862ef-6c9f-42b9-b647-8986a3917c99,44,6924.32,True
4d57d880-d865-469a-b4f3-310340066ff2,42,8478.09,False
da743152-627b-41a1-bfd6-f23232ffe294,40,4505.11,False
61a11729-3cb9-4350-9b4d-a0fe7bb38605,62,4353.22,False
4bbe4aff-9326-4ffd-9be4-bf5192698698,28,3325.49,True
059dd55d-4b94-4e30-b303-f438fe2110d0,36,8670.29,False
6553867d-a881-4fd3-947d-577bfa5a91ca,59,8803.76,False
dd750e98-90e0-495f-8212-b554464458b4,38,4024.55,True
f93e08d5-bea2-4dfe-873f-6e1baf908e3c,24,11318.44,False
bec39a37-9b3d-44bd-a91e-314e0c8e29e3,28,3302.58,False
e726be23-e776-4886-9534-ee1d7f2984f5,56,7124.46,False
3ae909fe-cc82-48da-8696-f5e64944051b,55,10681.06,False
3810ae66-5a31-44cc-8d4b-69a99b689c88,43,7270.6,False
402913ec-9ef2-493e-b0ac-7d7ba2f963a3,24,9279.08,False
c478f6f1-b88e-4318-816d-83edad81f8bd,52,8512.78,False
2303f6c6-d69d-42f1-ae4c-84ffa8c01f05,29,6470.24,False
a0a11839-e745-4704-98df-bc3ca0d4de3d,56,3444.16,False
c9e26074-4f16-49a0-8a17-991ea5769411,28,8022.37,False
5d678bb1-945e-42e4-888a-93ec70d9c9f8,57,9715.15,False
e8dd5e5a-1712-4b16-a1a4-344fbb7bee03,43,8483.23,False
6a5e6920-bf5a-47e6-93a3-dd5a4b8c5bdc,58,8474.78,False
c958e75e-21d5-4971-b367-49b52cf6bf75,56,8553.97,False
5da8d6d2-f8b3-4a8b-a05f-b8bc8a16a06c,51,8233.12,False
45c45a3e-e9da-484a-8075-9f1f87e5f0fe,58,5301.74,True
e9ff1cae-41c8-4a8c-aa1f-955ad499da99,54,10030.77,False
f7a67b94-7b5a-411a-b1b6-4afed31edf1a,57,3608.19,False
ded255d0-bf1e-4366-8b8e-63d4ce7607ad,65,10410.5,False
77e490c7-1d7b-4313-8de2-2f1c56b60afc,42,3898.18,False
c1101266-2408-46dc-9346-d1a9f6802cdb,36,4921.39,False
ad238d36-dc32-4c97-b9c1-e262f76c8ede,35,7954.37,False
65bcc272-fadd-4ea3-aca5-e2fdb966442a,50,7990.65,False
8eac0a33-cdf9-44a7-9882-b5c1f79efd70,24,9011.63,False
6502d6a2-ca6a-4224-971e-16cc5da36f1b,36,9622.87,False
1fa382e8-895c-4d99-83b3-8eb403902c5d,32,10895.48,False
bfbf397b-ac3e-4b0d-9e5b-a13d746cdb77,46,4924.79,False
618ae305-95a5-4afa-831d-029fac1e86d8,54,11845.57,False
5f18e583-f0b6-483f-a377-f6f1d289f0ab,29,8085.37,False
78b2b549-3bdb-409e-acc2-16a01bbc91f7,29,9247.63,False
f1738856-e25d-46eb-9e9a-9f83066803ee,53,5035.63,False
9c2e58de-ea4e-4617-93f8-382b8fb864e4,23,8865.34,False
a2a9d4d8-102e-4de5-a5cc-8bf738ab854c,57,10645.94,False
b379cb1e-e8cd-40cc-b6da-3ca0d2e82f38,54,11795.18,False
1dde7969-6886-43db-a634-8e784d5c55c7,40,10188.97,True
0986bbeb-f23e-423d-8b9b-d93423c86d30,43,5520.06,False
1dba1267-7e1c-45a1-bef5-18a64dead645,44,6470.61,False
899ca782-e323-4d1a-bc1b-dacc18e19331,63,7809.6,False
5efa9c5b-7421-4f46-a37e-4b0122bae10e,30,6501.03,False
b24cc64f-be3e-4e57-b30a-9e32aba4fc03,22,7592.01,False
965befdf-6b4b-4411-8a4a-0e2df22b5b98,24,10873.07,False
e2aa7a5d-278e-400d-ba02-66efbe055787,65,5092.05,False
d56ce8ea-1959-4b5a-a7a8-f6366a35df59,44,5033.68,False
f065c817-687a-4850-9d9b-62317d45d8ef,65,3162.95,False
b0b63bcf-0860-4833-879d-0cdaf396ea37,23,10963.53,False
71d79665-7181-4dcf-b79e-fc6e5edb0d3c,26,10285.66,False
5cd8fe1a-dafe-48a9-bc71-e0bef3579560,52,3924.08,False
5e09a9ee-af88-4dec-bb1e-143b196f4dfa,28,11809.16,False
a5135ea0-fa53-434d-a6d5-901d8b621d41,60,5199.35,True
46a02a9b-65ec-4acd-8f80-35f55bd20c98,48,4692.52,False
f2f25eef-1f45-4bfd-b7dc-67e030974b2b,61,5237.66,False
1777e8cb-7468-4b98-92fe-2fded918b3e5,31,9245.22,True
a3b5cece-a446-4e72-b64c-911aa9ab364a,50,7358.56,False
0cf2b69b-0577-4ea9-b899-924698de8ebb,31,6391.99,False
fd235def-3e5a-47e3-9560-db22c96b5edb,29,4039.06,False
34885a46-9088-4eaf-8977-6598203c8c25,36,4640.3,False
8de08fc2-c3e1-4a85-946e-f10411906f50,34,3572.94,False
d0243d72-3748-467f-961d-33ba350843f0,58,3560.79,False
c63d04ee-541c-4a86-bba5-cd2fdea45c19,43,11540.71,False
989240ac-e689-43a9-89e4-8e8c25c61c45,29,7068.97,False
fbe94499-dbc0-40fd-86fb-7bf300b9d4a3,23,6913.37,False
8a4b8f7c-2147-4a15-bcce-96f6250a4578,64,11818.73,False
1c24220e-2cab-47e7-8c6b-66e5402adf9c,29,4150.38,False
21bddb41-0699-4731-9dcf-8766a93b12cd,51,11917.74,False
c9d6a63b-ca3c-4f5f-9bb5-c40c03cde2e3,52,11029.38,False
040a3aae-52e2-4fd9-96bf-10ab3ce915e7,51,10260.01,False
20733f6d-0d6a-45b3-83ef-20162c9b662e,39,10875.03,False
1d181ee9-86ad-4a8c-abc4-123ebde13c1b,59,3150.62,False
72c22a16-79eb-4168-9045-56e5bee3eb79,25,5011.85,False
97fa7f04-8363-4007-9cae-9610c72c1fe3,62,7925.66,False
38b77c07-80fb-4296-b3b6-a09b1beaf6ac,30,5957.35,False
ba2c98ce-0b19-488e-9d77-a45ef206c269,39,9242.28,False
a8addf36-ddf2-45eb-a8a3-f341c8819065,49,6414.25,False
a4b1f991-7542-4646-8d37-a539857dd3b3,62,11108.5,False
ffa361be-0f92-40e1-87f9-7d05f6ca6b8b,43,6776.41,True
6d204496-66d0-4371-98e8-8ebb7a9e8eef,51,3306.52,False
b65feea9-7d82-4264-9ba3-62e7afa415e5,39,4900.63,False
e63658c9-12d0-498d-b18d-4d05e8e22743,42,6938.23,True
25f934bf-9bb9-4155-9275-eb9414aeaf5c,57,8970.23,False
9fd34579-4667-42ce-a04e-178c10d08d11,30,5900.21,False
b64fa54a-8c61-4654-95da-75c1a21150f9,60,7414.39,False
98eeac2b-fe9f-4caa-a182-f347533f5a72,62,8102.09,False
816bcb9f-7426-4193-8b7e-6b3c87d292a6,52,3110.41,True
cb08587d-1963-426d-ae21-8b099afd4015,36,9517.8,False
a79b44b6-da50-4fed-9d4a-3d81b3a7d0e0,41,4858.24,True
8d244e3e-c4da-4ddb-a0b1-5abaa6a27967,41,9928.77,True
6e191042-370b-4063-9d90-e79eb888f6ed,29,9415.82,False
69efafb1-3a7e-4e14-a359-eee173991a47,52,3463.21,False
66132e69-7418-4109-93d1-bf0f56c438e4,55,8426.44,False
50032b35-1857-4baf-bac7-e2b96a7e4c36,24,9771.44,False
4140752c-aa44-4259-9001-8b7b6d4067f4,54,7874.71,False
afd380c4-2713-482c-b41e-a3ac5fd23109,37,11285.94,False
175a81ec-112f-4612-b969-9ed2ec48bf55,43,3548.01,False
6e8f75a1-17dd-4d81-95da-705cd4ef00aa,52,3862.21,False
5f65c8ce-bd21-4c11-be9d-61ee18b87245,30,9639.45,False
0f5ae9d3-8e6e-4003-a14f-3f12cfd01cbd,48,7996.1,False
8fca7b6a-8fc4-4092-b4e5-59e596229348,24,6133.73,False
692ac139-1f4a-4ca1-ab85-fd595463adc7,54,8959.64,True
f0ede303-aa53-419c-9fa4-bb9f5a856750,52,10851.77,True
ea74bb18-de3b-496f-ac45-96f6c012a0ff,36,4086.66,True
49a214ae-f7e8-48e5-8d2b-91efb8976ec5,46,7127.63,False
1a85910d-5a05-4c11-8ffc-a6b199b479d4,27,4346.36,True
279c658a-3676-4ce5-81e5-c9f693f277cc,64,9954.22,False
d8e7012f-3968-4c81-bb70-c3b8a81fdec3,36,4337.79,False
8e676a01-d86a-4460-99a1-120e1bb43332,37,9831.44,False
47503f1d-c33a-4f6c-9d69-1fba5e187b24,28,8570.51,False
6dda4f8d-cea6-4f4c-b9e5-8ff092f837d4,57,4311.47,False
c4767556-f97b-42dd-8f9b-72aed85c16bd,35,11305.87,False
accb461a-9d13-4363-9f29-4a8bd1846c39,52,4046.04,False
9be71737-06b8-4231-8e86-7f3ca487eeab,50,5418.77,False
b18753e6-d457-4ad9-a867-a096edd877c8,22,6144.72,False
45f50c52-2e2f-4f77-8769-79d644777442,29,9829.84,False
ebe9e207-4f19-4ec0-832d-4526b3e4110a,45,10745.67,False
2e709838-0190-4620-99dc-abd056febfb9,57,3158.81,False
a847bce7-90fa-4b57-a4ac-2130deaf528d,43,9884.46,True
bdb025ff-2451-45a4-91d0-59b26699cd99,64,10487.0,False
177d6e7e-07d9-44ce-b8c8-8faea2178f84,62,5561.82,False
604e46cb-3712-42d1-87cd-b6a1bf012e32,26,3970.28,False
284bf962-5744-4596-b422-21676b7a2460,27,6512.04,False
530ac1c7-b8ba-4368-8fc7-77685ebbcca5,51,11807.42,False
98a21f1c-914d-4fae-b100-13a7c6deb2f0,25,6491.52,False
27d415b6-0d77-45a0-a222-b6a615bfbe97,27,5983.13,False
0cbd3c03-9e2a-44ac-8122-b5b3284c03d2,48,9139.13,False
716fda0a-45a8-4829-94e2-86e5ac8936bc,63,6991.39,False
9b69554d-7c54-435f-ac8c-3b6aa974d079,54,7947.46,False
372f871a-45ee-432d-aa07-f2137129cec7,34,3370.64,False
585d3f86-1d23-44e6-8329-20b7c143f426,53,7235.27,False
ad9fb00d-4882-473c-9c63-45ab6e0ed1e8,32,3561.95,False
86e52753-7c93-46cc-97d7-a560adb14670,40,11088.63,False
3873e57f-0ba0-48e8-8ef4-92c1aac93316,41,10315.4,True
0e0630cd-996d-4c50-bc04-a168652ffb49,49,10869.73,False
f200c261-4d29-41ab-b455-12f701f7c7ec,27,4825.81,False
c3a00c6f-2321-41e1-8471-04c036136e15,49,3807.11,False
1eb74b56-53ff-43a2-8a19-35014169b9fc,62,5701.66,False
6e3f683a-bf3c-4140-bf54-a51101fa964e,22,5175.2,False
88575117-6155-4667-a112-507c2cfa55b0,27,10476.92,True
8f0881ee-8011-416b-bae8-8926b423ccde,62,5832.87,True
5aaab32f-ce63-42b6-ab05-347fd556b37d,63,9816.2,False
bdf66ba5-dc9c-46de-a5a6-74c212738a23,32,10448.32,False
75b27455-04cc-4ede-afac-16730ad45230,32,5130.9,False
5024bdc6-dcb3-4df3-93ee-cdc6ebd14d2c,51,4293.83,False
67884209-92ca-425a-ade5-93329364f3d0,56,6932.85,False
4a1dab32-6aed-4dc7-a3e0-5309b5a1b949,48,6074.42,False
f758dce2-0556-4aea-a7b0-32831d7c0098,23,3654.98,True
f296d9f0-cd23-42c2-abff-e17b532401fc,52,7102.01,False
b08a4895-d4ff-4666-b5c8-e90d9e3d750d,61,11777.99,False
6fcc57dd-168f-4e12-9ca2-60c9eb7607c9,48,11506.23,False
6f887f28-3e49-4d09-9b19-d8b8d8302081,60,7189.26,False
1422373f-8622-48d1-a683-e10796c044d0,52,9650.18,False
beed10b6-4f6e-474b-9eda-b0276550f74a,28,11897.36,False
c77444cb-5543-4c3c-b8b8-f24e56ea57b3,62,5611.13,False
a21b0307-82af-485c-938d-994c2b0abedd,63,3058.63,False
31a3ac4d-828c-47e7-87d5-b7be1d30d990,46,8870.3,False
59e1ac09-5970-4859-86b6-e4ade7ea8d5a,49,7086.44,False
a53bc024-d1a6-4d87-b54e-2019ba35844e,40,10508.88,False
1a5165ca-3c7c-4d85-a5cf-0041d0a643fe,25,8721.18,False
2c6a6e9a-3280-47a1-8187-222b257d5e52,44,6474.01,False
c257cf73-c29d-482b-a722-796e9a36d1ec,59,6255.16,True
f387e1bd-2d59-42c6-934a-5a2fa7cf705c,53,3802.63,True
76c5a0dc-7e7e-4419-a0c1-4035c5d95f51,50,5575.38,False
9458054e-c287-4f06-9050-f7efc1235c91,34,3904.86,False
e1cde87f-ec95-4f87-ae5e-c36572eb7474,44,8399.31,False
fc8d5b93-a2a2-491f-a49b-1cd99082889b,47,11179.18,True
f891b0c3-dd3f-487e-92bd-c6619fe0a8c7,58,6325.81,False
70944bdb-26a5-44e3-90ee-7a92a09151e0,32,5024.59,True
a1a27485-7134-4c2a-b80b-3657117b355b,32,3444.2,False
97674900-4651-4367-8bdc-43184d85a3d2,22,7404.14,False
12fe28bf-81e0-4489-9a18-e2a30e614bcd,51,6792.03,False
09a0a0f6-73b0-4091-b634-c1694f76e388,49,5280.51,False
497de16d-d4ea-420a-9e65-96540e9058b6,44,10779.11,False
fa34d2e8-dd3f-4d7e-a508-dc9513a4a492,59,10316.81,False
98159d6c-9d71-4084-971d-abf9daf481a7,53,4316.59,True
949077c2-7674-456f-a26d-719d81cf3252,65,5869.33,False
bd29ede9-cab4-423b-b448-83858de7ad6c,22,6736.04,False
e8b77f7b-7321-4f6b-8a80-76ece5582e16,48,4583.86,False
30307633-a6de-41d8-9258-17b7cf501889,57,3959.74,False
80599b93-79c2-42e4-9ae1-a991524f93ff,64,6916.54,False
73557b9d-0fd6-447e-b52d-4af2269ed4c9,59,7515.66,False
d65e59dd-e62d-4d06-8f9b-85581a7f195b,31,6516.29,False
15969802-b6dd-4257-bb7d-9f1c57eb89b1,41,9396.18,False
0a0537f0-2c2c-422b-a568-95c6812a1f9b,52,10208.97,False
fdb1429e-7010-4d13-b526-b22d3f6c21f7,50,7948.93,False
9c1c3517-85d2-40a6-8629-5b5d707df251,63,4319.81,False
eafde7d9-5f73-4a3e-9d28-6aa428a39779,63,4075.3,False
c6435300-68a5-4c68-a32d-bb5e486bb6bf,51,10275.5,False
0d67d38e-990f-4c5b-adcc-3daf569f3ab3,33,10181.21,False
55ab946d-a5b5-4dc2-a181-c85eca0ac6ac,54,3256.52,True
8ed6ad5e-1831-4aa3-9466-9d1910df9974,38,4253.43,False
4082cbb9-48bd-4b3e-a2f5-df2badaa44ca,31,6865.06,False
f6e39356-a814-4562-9a00-3f16b9469bcf,33,3770.8,False
267eddce-df8f-4197-9a4a-99b2e806133c,35,9794.22,False
a9e27ba9-952e-4abb-94dd-5061555736f8,31,7908.41,False
4f6b58c8-598d-4aec-aaaf-e5432434a678,58,8083.99,False
a981b098-b2cf-452d-a7f3-33b3f7baf55e,37,8184.1,True
b576255e-9854-4f22-a102-f9c964575bc4,61,7089.24,False
8f158449-4f40-422f-95b0-2530f020e992,45,4322.12,False
54170a17-caaa-4bbe-a4bb-f962606e0e1c,55,10790.22,False
b3ecb951-ab8c-4f97-a0b7-1785d02ce0c1,61,3397.71,False
ff4625af-bd20-463b-b275-b5f3d436a7a8,33,5859.98,True
17ec889c-86c1-46cb-a996-30f7af77520e,52,6526.22,False
822c4d32-6c64-4c15-aba3-01cba561e1e9,49,10328.38,False
4f11d8dc-5cd3-4369-84aa-c1b75ca0c428,52,5687.93,False
577bc55a-36d5-4494-b37f-d50d2e25b5ee,55,3388.63,False
31274148-7c7c-404e-8422-d03ef29a6339,32,6550.96,False
27aa7cbc-2337-4bbc-bffe-77c839feb99c,30,7576.15,False
c9c23e69-d82c-4565-8bb9-07ec13c11754,51,9689.66,False
8a2e6a93-c558-4bb2-81f7-f3fb19e45c6a,51,3914.19,False
86cac6f4-e238-4e93-bd17-c5e8d5ca69ab,38,8392.23,False
e05b46c5-5636-4094-a974-31db09a9d1c1,58,4411.9,False
98e52499-218c-4e1c-9e37-4f7ac42cbc39,40,4976.84,False
2e4bebc4-2989-4880-a77d-1be96070b6a1,40,11922.72,False
9feefdff-c566-4a81-b15e-54f6d4d30795,36,6864.14,False
b89f72f3-2a60-4652-a714-7668cf1d7d3a,38,9512.63,True
5d42b9e9-692e-47b6-8b2f-6d5c700b5d5f,58,8129.23,False
f836f571-3cce-476c-b836-c448ad261ec5,43,10643.13,False
c09cb506-48f1-496d-9c4f-fb4671b701aa,34,3144.43,True
3be79df4-72ec-416e-88a7-23e9bfa016c2,54,11847.93,False
f7315749-4f39-49a8-bd3a-258288b4f474,46,8759.31,False
e76adca9-7811-4802-88cc-7cfecf01f944,63,9654.04,False
ada58417-5e2a-432d-b1ab-0b56d5c9fdc7,23,11314.56,False
70cafdd8-fc04-4f08-9207-0158f2771f63,25,10630.59,False
c7332304-4822-4120-84f9-eccd7630a8a7,43,6358.8,False
6b2d5b09-8707-4ad4-80be-7e3561c2645a,36,8914.27,False
331f63fb-d11f-48c0-a97c-a4fff75d599f,29,3871.33,False
df7d0dd7-236e-4608-9acb-394acd1f5318,62,9056.11,False
7b07fd31-a424-4f23-8d5b-a7cd400035f0,52,11447.42,False
ef2ddcc4-8df6-41da-9f07-c1a5dfc620ce,57,10987.39,True
8412a335-d88c-456d-b61e-5fdb1a435206,32,8294.31,False
1578d709-48f9-43d0-9fea-e1e0d9e604b3,26,3113.92,False
73069588-45d5-468d-a90a-3abbc35b9fea,31,10683.98,False
d4bf7a4b-25b8-442f-836b-15c7e7c225da,42,11862.11,False
e916da57-f248-43ab-977a-8a5f6ffe33b3,55,3612.77,False
e27718c5-737d-4fb6-9113-76e038d77b9a,62,3830.17,True
6a36af18-06d3-4b93-ae33-688d597e6845,22,3587.69,False
5fbbf0b1-8083-49c8-a57e-01c90da23e5c,65,11959.08,False
14e4180c-fe99-46a3-a2db-c8503c5bf3a7,53,5135.3,False
519554e3-0737-4c86-b97b-5f515ffa46ef,40,9057.73,False
b6f6dbf1-d6d4-41cc-995d-82f8ee4a9b5d,38,10846.1,False
25637cc3-ca97-4bf5-95d5-96afa663d2cd,57,8842.1,False
eada79a3-4970-4d9a-89ce-3cfb2339ba19,38,7959.61,False
d4c3a832-b231-460b-b8f2-ce6bd46b415d,60,10966.06,False
781799ff-b49e-44cc-8243-69e72387eaf6,59,4501.62,False
e7e646c7-0158-4463-9d87-76a072d78bdd,64,3049.55,False
3735262d-4184-4b03-84dd-7054144823f7,35,7107.31,False
f0b2a5d1-8c7e-4f42-a646-eaf9d5c0244d,59,11943.5,False
6c5a6c93-871c-4884-9bdf-90f2ba2c0f19,49,10255.29,False
3cd5fd7f-49c1-4669-86b3-3fe61c76bdf6,43,8493.98,False
3d0a5f0c-0c39-4ec7-9f31-74054d183eba,47,11658.74,False
9f708368-cb3c-48ca-a392-57316b79afcc,33,10451.42,False
d6312a80-1c61-4ec2-9014-2131750565f5,38,4612.77,True
893ad232-98c3-43ca-bff4-cec6e7b7b4c6,35,5757.17,False
93364f7e-83ef-49f3-a1c7-cc8a04351b64,24,11605.47,False
4a90cd0c-24c1-43b9-b7f2-85723defa849,29,6588.09,False
5a5226e6-9d64-4932-8066-853d6de299a1,26,5529.58,True
2ff3cde4-6aa4-4c9f-9217-04753d959e3f,30,11853.7,True
8603156a-15ea-4bcf-ab10-21ceaa143cd8,44,11204.61,True
f4124360-1153-4e99-9c50-8720f982f4e0,62,9493.61,True
c9525185-81e0-4a5e-8b48-f49686abd4e7,37,5923.82,False
0534a101-8ddc-4719-81f3-8dd4fd034ada,23,8698.28,False
0b251279-785a-45d0-9f92-a62163f4c69d,63,4775.78,False
5f90bed6-fb25-464d-a30a-a767a2bb522b,63,7367.44,False
5b6a8102-0428-4378-bf50-23f440ef3935,59,6637.48,False
3dba6da8-5844-49fc-914b-9547c9dc72b8,26,5847.68,False
1a89b71e-a0d5-42c8-a837-fe68bba205ca,25,3737.37,False
c1b5b5ca-bc35-46df-94f7-9dbac5811d2d,61,3353.82,False
5a304528-0b59-4562-a227-219f551ff086,35,7357.0,False
a48e40f1-d042-4dfa-96ab-087a8bc78e81,36,10354.96,False
af475b49-c775-4395-9494-05f02cd2a404,32,5490.19,False
7a8104de-b205-47bb-bb16-f75776f186ab,43,4453.34,False
2285b2ef-cfbe-4fe9-aea9-c542a1b970d0,60,5046.82,False
f1901b7e-c6b4-49ef-b74e-ba9310275b53,60,5945.63,False
339b77a8-4b1f-4d7b-8977-c513752a7d25,42,11658.24,True
e2c328aa-3310-4475-8a86-22250b36e356,35,6006.55,False
4f612217-eef1-4694-90ca-e32d0aba590e,39,4892.27,False
d0be73ee-fd37-4539-a5f2-02f983f02dc7,35,6992.76,False
095ffa81-40d9-4bce-b930-ba208b040f49,53,5675.1,False
493e904d-30ec-4796-a59b-457fc0d7ac73,31,11983.27,False
0c3ce284-c7e5-4bbb-9cb5-1c535b62a8df,60,8646.85,False
45f18619-54f9-4429-a7de-02ccdda4f4a7,38,4869.48,False
6fdc0bad-5e36-4127-8ca1-b45c1fdd980a,65,3444.82,False
7092947d-be49-49ec-a667-d3bbe3b56360,60,9820.13,False
56cb1ab0-62fb-46d7-b4db-ca07e506f670,59,4438.34,True
b12b6680-7f07-4cb9-afd3-40c0f945f2fd,27,4312.68,False
cc1b4157-ec9f-4c54-9e0a-72ab7f5db163,47,5480.9,True
15260718-cd18-4a82-8447-ceab84ef4324,29,10269.41,False
6e3c4532-1434-4f62-acac-028cba220065,34,8932.82,False
2e326567-d284-454e-bebe-c0db9a3a6103,29,10574.28,False
1a43db54-523a-4993-8b34-46bc8ba435cc,44,7470.92,False
4baf0f5e-a932-4094-93f2-8f11147f6570,29,11624.92,False
b7b8c1a5-9a45-493d-b227-890e4e76833a,63,5486.78,False
71a3fad2-b094-4d2a-aaa9-3b436d15f16f,58,8704.27,False
ba108217-0ad7-49a2-b277-16ec59fefbbc,32,11149.64,False
9d66e815-5a41-43b3-a95f-176cdebac186,45,3401.62,False
a3b442bd-4649-4296-af58-42c3ff86cc31,22,10144.96,True
0eaf04b5-f2a9-4c8a-8a9e-4a62fae3114b,24,5991.51,False
67fd64c4-a334-458a-abd2-b5121335e5db,37,4271.76,False
bff9507d-cd14-403e-8359-9af65d01f55f,32,11288.8,True
07f8d4f0-f3ea-4184-a8f4-e3ceadedda80,47,4580.74,False
ad973b67-9b89-45cb-9942-644c248d31ec,29,6290.8,False
20509c62-08e8-45d7-b02c-1821c8040fb7,42,6511.45,True
a52964ff-c74c-4890-bc6a-3174113634a5,61,3062.15,False
f31046dc-6202-4ee6-9cb5-e69c5dc7b3e6,25,9019.35,False
2747b93c-9ae7-4eab-884a-67809136f1f8,42,10261.65,False
5ef787b8-f2e6-495f-b32e-2016add702c9,30,9509.8,False
13aec376-c359-410a-b1a6-014c5f3c44dc,30,6661.62,False
5df06e8c-878a-4ed9-a33f-fc8292ec89af,47,8547.89,False
4758367b-a649-4cdc-907b-907265e58f34,47,7476.88,False
06a241af-1d0a-47f7-b5e4-a4713fe68c9c,33,5152.47,False
848af440-7fc1-4858-afa0-d842bc55300b,55,5949.26,False
1e2595b8-8fc9-486b-a9dd-ebf563119aca,53,8469.17,False
b43bd27f-42a2-49a6-8664-12854303cbc1,51,8230.34,True
9ca3fbb3-ff11-48ba-b6ee-1640723ef466,38,8400.9,False
ffa623d0-ea9e-4c8d-b1a8-b71f491b90e9,28,10326.58,False
22bf18f5-1f65-4a87-b33e-e3447dbf4bc1,64,7136.01,False
2c33350c-73b9-41d8-92f5-131ada52d2ee,62,10867.4,False
ff4c96d6-71f2-4e8f-b69f-68c3e60fd420,36,3110.11,False
f7b217c7-ae92-4a71-8f7d-cb431679742f,44,11284.38,False
aaf78c67-51d0-4109-bc90-2838d8741408,34,10881.4,True
8ccc9cea-109f-48ee-b5a4-720058f0dd23,50,8921.89,False
4cc9f5f2-e42e-4037-8a55-2ea08acbbe09,61,8871.11,False
b5a5f8e6-b639-4f04-a852-4385d9f2dd0d,64,11448.2,False
2c913a7c-a340-4f08-b341-91b8ed6522b4,63,3951.4,False
3967e60a-823d-4107-9c8a-c066cb2fafa3,33,7266.33,False
cac4d0eb-3373-430e-bc31-a5971f119c0f,35,9717.9,False
7e7838c9-ca55-438b-bc9a-be10238d6f44,29,9325.49,False
9280c5aa-8dd4-495b-9c63-b6f306ba8cd3,47,8070.34,False
fba6abf7-cdbc-4653-b7a7-e8b75e70f65f,51,4513.31,False
e25df9a8-9ca8-45c4-a138-afe08d38bbd8,40,9291.37,False
65edcfe3-4f2d-4d3f-90d4-de39161237c9,60,11498.89,False
7a89cbeb-b807-478a-b788-f5d1ffe575f6,43,10109.51,False
68d0a2a8-c4e7-47dd-a929-de738693fd9d,59,5863.26,False
20156a72-12e1-43a6-932c-ae01d2c65ee4,49,9837.59,True
12fc7a87-a470-4d48-9128-b9b1f8ede0ca,32,8729.75,False
8471b4b0-ae1b-4f69-b740-d83173318749,42,3821.51,False
d43cdd6d-e0c1-4f1e-a0da-897258321ee4,28,11259.99,False
96792482-a3c9-48e4-8d22-38e6c7bf4fbc,37,11926.43,False
21084dd9-f75d-4e3c-848d-56502e9522d6,51,11106.12,False
de431e06-e924-4069-80bb-ae526ec01269,65,11951.32,False
84a2576c-1fc9-45f8-94d6-07350e2f8958,31,6140.67,False
2976aab2-2a26-4770-8ddb-1b36272c0588,55,3767.15,False
39b86bb2-b596-4a7c-af4a-fa885299e505,50,9471.47,False
84d67c4f-f0df-4684-b28e-41225894f7f1,52,5984.08,False
143029a9-d88f-4c94-88b7-63d5e519dd7e,40,6596.75,False
f4d375c1-a293-49fa-b240-d7a14027ab7d,49,7641.97,False
a0017720-200b-4903-8642-6c458d03f17a,33,9915.73,False
17eaec83-8892-442f-9d4b-2bf94d85e9c7,50,7306.16,False
9780c215-2b2b-48e9-a417-c09380a8a23d,32,8459.42,False
2bd3cdcd-2779-4685-94a5-3fdef10d27c8,55,9163.2,False
e6e987ca-b87b-4384-9fdd-de2ea8a2b7ad,54,4390.22,False
ec86a890-d7b0-4bdc-966e-3cbe9aea622f,64,8613.45,True
dd20c3bf-d342-4f08-8a8b-b5b490494583,26,11436.8,False
f2d3f761-0ba3-4279-94cb-056407437c3b,42,7234.18,False
43c07d43-93a7-4792-8561-b8dca4364fcd,39,7370.92,False
92779574-c457-4cc3-b5f7-89bca6b07458,23,10991.39,False
07c0d116-a394-4d54-9e3c-5a886aa56e6d,63,5319.11,True
8baaf744-a08d-421b-a395-4cb17f7f6c0a,54,6496.69,True
4d560a3d-f4e7-469a-a454-09374a27ebf2,40,10812.18,True
ceae71cf-ce00-4af0-beb0-51817ba24588,29,8395.0,False
741b77f5-4c24-4053-a7f5-ae02af5b8f47,50,10243.66,False
2877f5d9-0f56-45f8-b048-faa112ae5c22,53,4941.95,True
76e5ae78-7bf7-41d3-aa66-2fce7089fc6d,61,3185.83,False
24c778a5-9b4e-464b-9716-dc2e343ada2a,22,4507.5,False
51beb80e-b7e6-414c-9c8a-49225005680f,24,10817.76,False
586a346a-dc5b-47d1-bcef-1972bbf483ce,35,4175.51,False
c2baf0e0-2179-43f0-a612-4ab4f9b21e6e,65,10669.26,True
1b2ededb-8fc8-4fc0-83d5-bceb5edbb8ee,45,6961.81,False
1f5d988f-776a-4f09-bde2-885951b1943c,39,8921.26,False
24108e9a-3f77-4cae-b318-b96d44790612,57,6910.06,False
f204be89-4a4b-4563-8cf4-77ef18c8a616,64,8605.49,False
6b0ae0e3-9d89-4047-9d39-d7936257a4a2,27,9627.72,False
e6fdd7af-dd84-4acc-b672-94643f8ea40a,25,9261.97,False
ef0a573d-53d2-456d-9040-158728e213bc,44,10313.42,False
3098f7b2-500e-45c0-b89b-df7f93e34c35,44,9212.13,False
fef7d9ea-7f8e-4483-a8ca-aa1dc35bec2c,44,11160.71,False
e10b1a47-7fae-4748-b781-321e83c501cb,46,3976.88,False
170d7507-05ee-41d4-bf53-a88e4efc8248,56,7002.68,False
750d112e-8164-4eec-a4ab-851bf1fac6e7,59,7528.26,False
95560a2d-3713-4466-bda0-6476f778c676,65,10779.64,True
4806f804-0cf0-474c-8c74-dc0f5a575539,64,7497.19,False
d7c4fe9c-e1e0-4ffc-98f6-fd7f7eb162f1,39,7313.48,False
4926ce5f-7878-4140-ac2a-4f71a77d95f1,53,5607.71,True
1b84edc3-d8e0-49de-8217-ea0e896490ab,61,10623.31,False
43b47ee5-e1e8-4e7e-a249-8f666e51484d,29,4602.2,False
673ba8bd-c38c-4dec-9da3-9a73ba3df7ff,22,7264.58,False
0d18ab95-668c-4477-8b95-017c5dae1201,59,6345.65,False
5cce5ba9-31d4-4e09-8fd3-3afc91fdfa4f,58,4093.85,False
62e7c1a6-12d2-4a06-89e1-cd138da00495,42,3594.3,False
8cc36f3b-c3af-4cfe-b34a-6ca38116e3fc,64,6620.18,False
9f8cc29f-fd35-4c5f-9347-9a3b479bc637,33,11424.02,False
20f0156a-1e6a-4628-9c6d-52d5ae2e9af9,33,11114.95,False
5f89ed12-64d6-4fbf-98c0-1e2bf99f0704,30,3424.79,False
8ece1128-56ce-4b42-bc9e-1dcbcb7e6268,53,3368.87,False
24eeb4a6-c145-45c7-9d98-6115f05eeefe,41,9069.71,False
66c14dca-8255-4a61-9a3b-031932f57510,42,4274.2,False
09f64405-0b99-4034-8a4e-255280051b10,39,3121.1,True
cdd0b4d4-5542-47de-b6ad-f48b2314d0c8,45,8318.05,False
2620f9a9-74fd-43d1-84f2-fd0f79474bfa,50,4620.56,False
23c8afdb-83f8-4f16-a4a4-474c9b33e3a4,38,5392.11,True
518b2f21-9cf2-4859-ae6e-2e7253f591dc,53,11277.43,False
9dd2f9de-fd98-4e33-a498-abe92999bbef,27,11051.83,False
97fe56c5-4c9a-4f24-97b4-c294bd44089d,62,5614.95,False
827c9f8c-d40a-45e9-81df-6517561c9210,24,10440.96,False
901bcdef-b56f-48ce-bd66-971e88476c56,60,7759.16,False
044251db-d0d4-4a67-b992-8faa4cbf131d,57,4935.79,False
1c0f0bdc-ac7e-437c-94cc-1e2a5e4cb287,62,6599.44,False
4ec3f970-956d-40e4-aaa2-6216fada98f5,46,9538.94,False
df41e335-b9ae-48e4-a615-99c8cbf81f86,58,11697.31,False
98cf1188-06d2-4913-a117-3719b023a0ea,53,6859.42,False
a7d4cf50-f791-41e5-83f9-cd6b797ebe87,59,7402.08,False
9416e4dc-c6b2-4def-b8d8-b7f1c86c6544,22,10796.19,True
0d259caa-b8ad-4d87-ba40-45dd93dfd907,30,3542.51,False
86341718-2ba6-4db3-bafe-b1149561c813,34,3789.27,True
c64c9647-9ea7-417c-b89f-7039a107cc46,31,3040.72,False
d25864f2-25d4-40fc-a154-2765d756ba9c,32,9351.18,True
9293f705-0815-4147-be00-980eae441e21,40,8106.62,False
30d73df7-1c22-4cea-b355-56a5f2bd92f2,27,6560.79,False
6b352f85-504e-4687-b0e7-e75604d9145e,22,8220.98,False
34323ec6-b0c4-401c-a9b7-c0fa26c432f6,55,7205.36,True
9c89d374-c664-45a7-8077-3e33690e7e62,47,5989.18,False
d92f3c1e-df70-4b2a-b8bb-22a5eba742d2,42,4280.17,False
b4adaf89-0ff1-4a9f-ba37-0623bc5fd4dd,47,10818.58,False
8f964685-3514-4890-84c8-6c4623595fa4,43,5546.11,False
7a768555-a987-4218-bf84-faef5336723b,45,6839.16,False
f4e95734-5052-4700-a077-96a38685abaa,50,5475.8,False
887b03e5-e980-4808-b5ac-824c2c55aef7,34,9967.12,False
ad05b912-5ab2-4d4a-8bd8-8fcd57a2be4e,29,6277.53,False
ae455cc6-b88e-430f-9e1e-994ac5a11f5c,38,11726.0,False
43ad3d62-b17c-4b21-8dbc-2c1ca4afe7bd,28,3833.94,False
f5141058-3138-4975-bbf3-3a349c2dfa97,48,4055.22,False
4c6a70f4-8ede-444d-876c-f68c3f1be0d0,54,3341.54,False
fb756923-f910-4bb3-b105-32523990e2c9,35,8626.68,True
b4746349-49fc-4cd8-856b-ad4c4c3077c4,35,5256.14,False
7d2f4e58-b47a-4c5b-b0b3-901535102852,41,5423.59,False
8f7c1d59-594b-4a3a-bad4-65a15129950d,48,6736.54,False
b8beff3d-cb9f-4f6d-af3a-6f27ef06fccb,41,10536.54,False
92cf6021-1f33-442d-89ac-908746015028,65,9441.1,False
e5508ea2-6133-434d-8b0e-8eb1ad371d9e,62,8286.63,False
585abefb-d181-4f77-a500-1423faebcd19,34,7097.13,True
257f7595-cdfb-4db9-85e7-8b23f4613f09,39,4102.78,True
f48f709c-49a2-4441-8ac4-de854a5b1aff,37,7472.25,False
ec8be537-58ab-4778-943b-45e3b6d1f6bb,55,9572.39,False
bf519362-41a6-4fed-a7ed-c8d8713f8f8c,30,10934.6,False
d3f4a49b-33ba-4a88-b6c7-d6fa7aa4f052,48,6177.5,False
8fe069b6-eeda-4802-8568-f42689e03e22,46,3795.69,False
1bf645f6-2324-4211-8588-fc1bb2384849,52,10506.28,False
3d4196fe-963a-4617-bdab-07e79d9d028e,34,11864.04,False
e7ba26ac-ab7a-4d1c-8cfe-f6833e11bafe,63,6025.54,False
3b9b2d45-a350-45e4-b9c5-9df987f255d6,51,8441.91,False
548e1f6b-69ce-4e4e-99a6-92c90d700ea4,36,11769.43,False
ae62990c-19bd-4f93-b8ef-7666b7a4c719,50,9111.7,False
f6eab3a0-0153-4221-a331-0a28c550eca8,33,9766.78,False
286ed390-edd9-4a1a-ba58-5b278ce3e7c3,35,9551.73,False
e1721c83-ef5e-4376-a723-fb72682b163a,63,7202.79,False
a689b424-7a3a-40e1-b9c7-73a0e0decc3d,27,8062.71,False
4988e418-f6c3-4218-8183-6315330f8be1,62,8990.14,False
0f25477d-a559-40e7-8910-fade52380bf2,27,9376.34,False
a6fd0cb1-16e6-45c0-84cb-294fe86e8e63,36,8492.94,True
bd1a8f4b-88ff-4d40-bb72-c86d92fa675f,22,6491.32,False
098c60b3-efc9-409e-99af-6e09b91e3d6e,23,11870.71,False
6afa828c-2cd1-4b9f-abe5-841fe9c96c52,59,4849.53,False
ef158d5b-2d00-4d05-966d-4627e1dace6a,49,7273.62,False
d61169a1-ff46-46bf-894d-916deb6d2fed,60,11155.64,False
2fb21e66-7ed1-4aab-89b7-c9bc65a16fa9,52,9224.02,False
df4e713e-f64e-4dfc-bfbe-ac7aefc59738,30,9516.12,False
0997623a-e072-4d96-8a1a-81f5ed10f004,49,8168.15,False
9a4ffc0c-9165-42ed-8c63-6e95025f5543,37,3424.65,False
55c551fc-fba5-4cc8-adaf-37661b780ede,42,4414.61,False
a42d0cd7-fd35-4f6a-b450-388748d90846,39,4484.29,False
e3a68a70-7e71-4b55-8639-bd418b15bd94,55,10593.88,False
811414f8-d9df-4d0e-a25a-ed6cf0458043,58,5464.08,False
cf0e6d2b-315c-467a-85d8-a6ad77d0359e,60,3265.94,True
bb2aa146-2999-494c-94a7-b69b1cd66b09,57,4537.65,False
b7f60cdf-41dc-4c60-a5f6-0735757b6b29,25,11441.03,False
564cfbd2-bc92-4d81-839b-058c2faabe0b,40,6612.34,False
aca58d95-915a-4c30-8b86-b5a1ca6fbff8,45,5390.79,False
9c678393-2ced-4c0d-b173-04b5c1dd484a,31,5259.18,False
67ce378f-e5a4-483b-a383-889adb2c6ac8,24,10282.29,False
53f30073-83e9-4ef4-ad7d-f5d0d3b59af7,53,7384.55,False
186b2880-ab54-4a15-a69d-01ff1634725b,55,4043.46,False
7a3a6e96-23ff-43d3-bb4f-b88a2f4dd219,57,11369.98,False
01bf9e73-3f80-4385-af92-40b652d78f10,60,11076.59,True
725d4259-3c4b-4eec-a231-ee7342c2d2eb,34,8841.33,False
546252e7-f43b-4052-8459-bd6ec0f63229,58,9099.13,False
92a81713-b90e-444b-951c-25d54d4c5280,57,4695.7,False
5c0b9b10-a757-4b10-82f5-25b902ed73ce,24,3179.1,False
aaf407f7-0fe7-4149-bc7e-5368b1594847,55,5205.21,False
28e333b6-4e8a-4c4b-b724-20411e43fbd2,48,3342.64,False
ec50ace4-80a5-4e65-afa2-855967c96204,42,3426.83,False
c5144d98-b41c-404f-a346-f415e5267a2b,28,11594.76,True
a38295d3-1e0e-4546-b0b6-dedf4f9c4027,37,7912.11,False
5e175b66-4b87-459f-b0cd-7f05ea87855e,35,4656.4,False
f5159494-3818-4fd3-b889-936a9d5817e8,62,5594.4,False
74797b61-2737-4b52-ba6a-210722319050,38,3448.84,False
5fa5e0aa-9b11-4530-bd24-7c11bf6b8cdf,25,6576.89,False
e9ad0e9b-8c9a-41e9-b3b2-63376a74dbb7,36,7511.34,True
cd4f8b2b-899a-4252-81e1-b94a78883058,50,8966.84,True
c3093b6e-37e9-42e2-935a-c07aaa0217d0,37,7881.61,False
98874bfe-c136-4c65-ae2a-e3413f59e4f2,36,3272.78,False
86879aa9-14f5-43d0-8991-2032df85c777,44,11045.88,True
5c9deee0-b42a-4456-8736-5a84725e134d,51,10795.99,False
1cb9b73a-906d-4c8c-aad0-8c8913fe8a29,65,10641.17,True
e723ada3-8c32-4db2-942a-895e0fcf601f,36,8677.59,False
89628f6e-929c-43b3-b3c0-8bf18167999f,23,8176.36,False
dabf984e-53ff-4461-aa1f-1b61265cb9d9,45,3271.52,False
ae27d432-1dc1-47eb-b11c-767385351a69,37,9953.53,False
7d23d479-9549-4a82-b787-ef8d3495311e,26,9983.12,False
720b274b-82a7-4586-a61d-9cde1747f387,38,10002.05,False
21c71aa3-7414-43b5-8e3e-25f2cf0671c7,50,11871.99,False
905c7bdd-74f0-4eae-aa59-43ce836435e3,33,5194.16,False
ac3a812f-765e-4cb5-8f0d-55400ec7d662,29,10621.36,True
0592bfa5-b928-423f-8ee4-334ece920136,27,7579.69,False
00c59f30-d103-4424-8124-1bb4655ce508,45,5167.94,False
12b2102d-940c-4503-b7c8-6152beed0af9,37,10796.91,False
b34c6c73-5833-4b30-ac77-6e950b981ccd,48,9240.74,False
0f6ce9bf-fe7e-4362-8a89-b0f0105291d3,26,4629.89,False
fc737d92-11ab-4d11-a4eb-8000ef40d162,54,10559.66,True
497ec6d1-081f-46dc-b8d9-a88aef0bea4f,35,11219.79,False
22ab7752-c4db-4a62-ae13-418d68ab80ea,44,5903.5,True
bab2b77d-fa74-4cc8-a43a-fb7ac40d4874,53,7752.1,False
5fdcabbf-6b9c-471c-b6ba-745ba55871e3,47,10935.52,False
72d35458-61ea-4f30-a42e-707afe2bd987,65,4629.14,False
60a399d4-e821-4716-aac8-0da1de9f6f5b,23,9057.56,True
f6d22a7b-aec7-4a82-948b-4376602a4e57,56,10569.95,True
220b9ea9-8a0f-4508-9fe2-c0a0a96b3c42,60,9034.25,False
1e5ebe54-5907-4299-9c3b-bdd8a74e02a9,38,5461.86,False
649f7d88-8989-45ab-be2b-34d82db0728d,46,8866.12,False
fa8dae42-ba54-4920-a099-d18087623997,54,11600.74,True
c194f97f-00e3-4026-95b6-de85390239d9,35,8191.37,False
76876c62-4c61-445e-ba7e-5d9405d1fb63,54,8058.7,False
6c93a791-8b60-4511-b816-8aebac6a7c85,34,7347.59,True
3acb43a3-d2c7-4ffb-a118-433b882ccd1e,65,5551.65,False
27b608dc-589d-4cb0-b5eb-89c23f5cf2f3,25,6770.46,False
e00da49d-effa-4002-b040-413c4690fb15,34,5006.84,False
083f64c3-1ce3-42f8-83f7-25feb99b2b5a,44,8059.47,False
9d6b9b62-6b53-4a19-a902-b73fcf39f648,22,4672.52,True
e39836bb-e23d-4faa-afad-49e9c41c147e,32,8337.96,False
1139fa12-34c1-43ea-bd9c-4e6404015ced,49,9437.68,False
7249f62c-0898-4462-980c-b95c19d45deb,56,5801.23,False
df495037-b40a-4181-ac09-bdb799086e47,61,9945.7,False
0b531932-bd94-49aa-bea6-e5b20c760d28,57,3774.18,False
8a2db2e6-3bfd-48a6-b05f-ddf566fadca0,38,5232.86,False
c6ac1b04-dd1d-4cd1-811f-6bf5379ef467,62,6297.31,False
fe54ee4b-80ff-4173-a3df-ecd70e731dd7,32,10248.93,True
ea98fef8-d0d7-4e37-bbf2-025f4a0d2b73,58,10766.66,False
93d563ae-51a3-4c26-937b-f79bbb44badc,47,6950.8,False
d18183d1-ac2b-4cfc-85c5-1060991121e7,32,3286.95,False
e0527739-4d40-4f1b-bca5-be2952171bf3,22,11112.35,False
